<?xml version="1.0" encoding="UTF-8" ?>
<?xml-stylesheet type="text/xsl" href="impact.xsl" ?>
<document>
<!--The data in this file is primarily intended for consumption by Xilinx tools.
The structure and the elements are likely to change over the next few releases.
This means code written to parse this file will need to be revisited each subsequent release.-->
<application name="impact" timeStamp="Sat Oct 12 14:39:30 2013">
<section name="iMPACT Project Info" visible="true">
<property name="Use Project File" value="No"/>
<property name="Project Entry" value="ise"/>
<property name="OS Name" value="Microsoft Windows 7"/>
<property name="User Lic. Info" value="No user information available."/>
</section>
</application>
</document>
