#Release 13.2 - par O.61xd (nt)
#Copyright (c) 1995-2011 Xilinx, Inc.  All rights reserved.

#Sat Nov 29 19:40:32 2014

#
## NOTE: This file is designed to be imported into a spreadsheet program
# such as Microsoft Excel for viewing, printing and sorting. The |
# character is used as the data field separator. This file is also designed
# to support parsing.
#
#INPUT FILE:       MaiModule_map.ncd
#OUTPUT FILE:      MaiModule_pad.csv
#PART TYPE:        xc6slx9
#SPEED GRADE:      -2
#PACKAGE:          tqg144
#
# Pinout by Pin Number:
# 
# -----,-----,-----,-----,-----,-----,-----,-----,-----,-----,-----,-----,-----,-----,-----,
Pin Number,Signal Name,Pin Usage,Pin Name,Direction,IO Standard,IO Bank Number,Drive (mA),Slew Rate,Termination,IOB Delay,Voltage,Constraint,IO Register,Signal Integrity,
P1,,IOBS,IO_L83N_VREF_3,UNUSED,,3,,,,,,,,,
P2,,IOBM,IO_L83P_3,UNUSED,,3,,,,,,,,,
P3,,,GND,,,,,,,,,,,,
P4,,,VCCO_3,,,3,,,,,3.30,,,,
P5,TestA1,IOB,IO_L52N_3,OUTPUT,LVCMOS33,3,6,,,,,LOCATED,NO,NONE,
P6,TestA0,IOB,IO_L52P_3,OUTPUT,LVCMOS33,3,6,,,,,LOCATED,NO,NONE,
P7,TestA2,IOB,IO_L51N_3,OUTPUT,LVCMOS33,3,6,,,,,LOCATED,NO,NONE,
P8,,IOBM,IO_L51P_3,UNUSED,,3,,,,,,,,,
P9,TestA3,IOB,IO_L50N_3,OUTPUT,LVCMOS33,3,6,,,,,LOCATED,NO,NONE,
P10,TestA4,IOB,IO_L50P_3,OUTPUT,LVCMOS33,3,6,,,,,LOCATED,NO,NONE,
P11,TestA5,IOB,IO_L49N_3,OUTPUT,LVCMOS33,3,6,,,,,LOCATED,NO,NONE,
P12,TestA6,IOB,IO_L49P_3,OUTPUT,LVCMOS33,3,6,,,,,LOCATED,NO,NONE,
P13,,,GND,,,,,,,,,,,,
P14,TestA7,IOB,IO_L44N_GCLK20_3,OUTPUT,LVCMOS33,3,6,,,,,LOCATED,NO,NONE,
P15,TestB0,IOB,IO_L44P_GCLK21_3,OUTPUT,LVCMOS33,3,6,,,,,LOCATED,NO,NONE,
P16,TestB1,IOB,IO_L43N_GCLK22_IRDY2_3,OUTPUT,LVCMOS33,3,6,,,,,LOCATED,NO,NONE,
P17,TestB2,IOB,IO_L43P_GCLK23_3,OUTPUT,LVCMOS33,3,6,,,,,LOCATED,NO,NONE,
P18,,,VCCO_3,,,3,,,,,3.30,,,,
P19,,,VCCINT,,,,,,,,1.2,,,,
P20,,,VCCAUX,,,,,,,,2.5,,,,
P21,,IOBS,IO_L42N_GCLK24_3,UNUSED,,3,,,,,,,,,
P22,TestB3,IOB,IO_L42P_GCLK25_TRDY2_3,OUTPUT,LVCMOS33,3,6,,,,,LOCATED,NO,NONE,
P23,TestB4,IOB,IO_L41N_GCLK26_3,OUTPUT,LVCMOS33,3,6,,,,,LOCATED,NO,NONE,
P24,,IOBM,IO_L41P_GCLK27_3,UNUSED,,3,,,,,,,,,
P25,,,GND,,,,,,,,,,,,
P26,TestB5,IOB,IO_L37N_3,OUTPUT,LVCMOS33,3,6,,,,,LOCATED,NO,NONE,
P27,TestB6,IOB,IO_L37P_3,OUTPUT,LVCMOS33,3,6,,,,,LOCATED,NO,NONE,
P28,,,VCCINT,,,,,,,,1.2,,,,
P29,TestB7,IOB,IO_L36N_3,OUTPUT,LVCMOS33,3,6,,,,,LOCATED,NO,NONE,
P30,,IOBM,IO_L36P_3,UNUSED,,3,,,,,,,,,
P31,,,VCCO_3,,,3,,,,,3.30,,,,
P32,WR_FTDI,IOB,IO_L2N_3,OUTPUT,LVCMOS33,3,2,,,,,LOCATED,NO,NONE,
P33,RD_FTDI,IOB,IO_L2P_3,OUTPUT,LVCMOS33,3,2,,,,,LOCATED,NO,NONE,
P34,rxf,IOB,IO_L1N_VREF_3,INPUT,LVCMOS33,3,,,,NONE,,LOCATED,NO,NONE,
P35,txe,IOB,IO_L1P_3,INPUT,LVCMOS33,3,,,,NONE,,LOCATED,NO,NONE,
P36,,,VCCAUX,,,,,,,,2.5,,,,
P37,,,PROGRAM_B_2,,,,,,,,,,,,
P38,,IOBS,IO_L65N_CSO_B_2,UNUSED,,2,,,,,,,,,
P39,,IOBM,IO_L65P_INIT_B_2,UNUSED,,2,,,,,,,,,
P40,FTDIbus<3>,IOB,IO_L64N_D9_2,BIDIR,LVCMOS33,2,2,,,NONE,,LOCATED,NO,NONE,
P41,FTDIbus<6>,IOB,IO_L64P_D8_2,BIDIR,LVCMOS33,2,2,,,NONE,,LOCATED,NO,NONE,
P42,,,VCCO_2,,,2,,,,,3.30,,,,
P43,FTDIbus<5>,IOB,IO_L62N_D6_2,BIDIR,LVCMOS33,2,2,,,NONE,,LOCATED,NO,NONE,
P44,FTDIbus<7>,IOB,IO_L62P_D5_2,BIDIR,LVCMOS33,2,2,,,NONE,,LOCATED,NO,NONE,
P45,FTDIbus<1>,IOB,IO_L49N_D4_2,BIDIR,LVCMOS33,2,2,,,NONE,,LOCATED,NO,NONE,
P46,FTDIbus<2>,IOB,IO_L49P_D3_2,BIDIR,LVCMOS33,2,2,,,NONE,,LOCATED,NO,NONE,
P47,FTDIbus<4>,IOB,IO_L48N_RDWR_B_VREF_2,BIDIR,LVCMOS33,2,2,,,NONE,,LOCATED,NO,NONE,
P48,FTDIbus<0>,IOB,IO_L48P_D7_2,BIDIR,LVCMOS33,2,2,,,NONE,,LOCATED,NO,NONE,
P49,,,GND,,,,,,,,,,,,
P50,,IOBS,IO_L31N_GCLK30_D15_2,UNUSED,,2,,,,,,,,,
P51,CLK80,IOB,IO_L31P_GCLK31_D14_2,INPUT,LVCMOS33,2,,,,NONE,,LOCATED,NO,NONE,
P52,,,VCCINT,,,,,,,,1.2,,,,
P53,,,VCCAUX,,,,,,,,2.5,,,,
P54,,,GND,,,,,,,,,,,,
P55,,IOBS,IO_L30N_GCLK0_USERCCLK_2,UNUSED,,2,,,,,,,,,
P56,,IOBM,IO_L30P_GCLK1_D13_2,UNUSED,,2,,,,,,,,,
P57,,IOBS,IO_L14N_D12_2,UNUSED,,2,,,,,,,,,
P58,,IOBM,IO_L14P_D11_2,UNUSED,,2,,,,,,,,,
P59,,IOBS,IO_L13N_D10_2,UNUSED,,2,,,,,,,,,
P60,,IOBM,IO_L13P_M1_2,UNUSED,,2,,,,,,,,,
P61,,IOBS,IO_L12N_D2_MISO3_2,UNUSED,,2,,,,,,,,,
P62,,IOBM,IO_L12P_D1_MISO2_2,UNUSED,,2,,,,,,,,,
P63,,,VCCO_2,,,2,,,,,3.30,,,,
P64,,IOBS,IO_L3N_MOSI_CSI_B_MISO0_2,UNUSED,,2,,,,,,,,,
P65,,IOBM,IO_L3P_D0_DIN_MISO_MISO1_2,UNUSED,,2,,,,,,,,,
P66,,IOBS,IO_L2N_CMPMOSI_2,UNUSED,,2,,,,,,,,,
P67,CLK_out_of_lock,IOB,IO_L2P_CMPCLK_2,INPUT,LVCMOS33,2,,,,NONE,,LOCATED,NO,NONE,
P68,,,GND,,,,,,,,,,,,
P69,,IOBS,IO_L1N_M0_CMPMISO_2,UNUSED,,2,,,,,,,,,
P70,,IOBM,IO_L1P_CCLK_2,UNUSED,,2,,,,,,,,,
P71,,,DONE_2,,,,,,,,,,,,
P72,,,CMPCS_B_2,,,,,,,,,,,,
P73,,,SUSPEND,,,,,,,,,,,,
P74,,IOBS,IO_L74N_DOUT_BUSY_1,UNUSED,,1,,,,,,,,,
P75,,IOBM,IO_L74P_AWAKE_1,UNUSED,,1,,,,,,,,,
P76,,,VCCO_1,,,1,,,,,3.30,,,,
P77,,,GND,,,,,,,,,,,,
P78,,IOBS,IO_L47N_1,UNUSED,,1,,,,,,,,,
P79,,IOBM,IO_L47P_1,UNUSED,,1,,,,,,,,,
P80,,IOBS,IO_L46N_1,UNUSED,,1,,,,,,,,,
P81,,IOBM,IO_L46P_1,UNUSED,,1,,,,,,,,,
P82,,IOBS,IO_L45N_1,UNUSED,,1,,,,,,,,,
P83,,IOBM,IO_L45P_1,UNUSED,,1,,,,,,,,,
P84,,IOBS,IO_L43N_GCLK4_1,UNUSED,,1,,,,,,,,,
P85,,IOBM,IO_L43P_GCLK5_1,UNUSED,,1,,,,,,,,,
P86,,,VCCO_1,,,1,,,,,3.30,,,,
P87,cs4,IOB,IO_L42N_GCLK6_TRDY1_1,OUTPUT,LVCMOS33,1,2,,,,,LOCATED,NO,NONE,
P88,adc4,IOB,IO_L42P_GCLK7_1,INPUT,LVCMOS33,1,,,,NONE,,LOCATED,NO,NONE,
P89,,,VCCINT,,,,,,,,1.2,,,,
P90,,,VCCAUX,,,,,,,,2.5,,,,
P91,,,GND,,,,,,,,,,,,
P92,clk_adc_3,IOB,IO_L41N_GCLK8_1,OUTPUT,LVCMOS33,1,4,,,,,LOCATED,NO,NONE,
P93,saw4,IOB,IO_L41P_GCLK9_IRDY1_1,OUTPUT,LVCMOS33,1,6,,,,,LOCATED,NO,NONE,
P94,adc_reset_3,IOB,IO_L40N_GCLK10_1,OUTPUT,LVCMOS33,1,2,,,,,LOCATED,NO,NONE,
P95,cs3,IOB,IO_L40P_GCLK11_1,OUTPUT,LVCMOS33,1,2,,,,,LOCATED,NO,NONE,
P96,,,GND,,,,,,,,,,,,
P97,adc3,IOB,IO_L34N_1,INPUT,LVCMOS33,1,,,,NONE,,LOCATED,NO,NONE,
P98,CLK_ADC_2,IOB,IO_L34P_1,OUTPUT,LVCMOS33,1,4,,,,,LOCATED,NO,NONE,
P99,saw3,IOB,IO_L33N_1,OUTPUT,LVCMOS33,1,6,,,,,LOCATED,NO,NONE,
P100,adc_reset_2,IOB,IO_L33P_1,OUTPUT,LVCMOS33,1,2,,,,,LOCATED,NO,NONE,
P101,cs2,IOB,IO_L32N_1,OUTPUT,LVCMOS33,1,2,,,,,LOCATED,NO,NONE,
P102,adc2,IOB,IO_L32P_1,INPUT,LVCMOS33,1,,,,NONE,,LOCATED,NO,NONE,
P103,,,VCCO_1,,,1,,,,,3.30,,,,
P104,CLK_ADC_1,IOB,IO_L1N_VREF_1,OUTPUT,LVCMOS33,1,4,,,,,LOCATED,NO,NONE,
P105,saw2,IOB,IO_L1P_1,OUTPUT,LVCMOS33,1,6,,,,,LOCATED,NO,NONE,
P106,,,TDO,,,,,,,,,,,,
P107,,,TMS,,,,,,,,,,,,
P108,,,GND,,,,,,,,,,,,
P109,,,TCK,,,,,,,,,,,,
P110,,,TDI,,,,,,,,,,,,
P111,adc_reset_1,IOB,IO_L66N_SCP0_0,OUTPUT,LVCMOS33,0,2,,,,,LOCATED,NO,NONE,
P112,cs1,IOB,IO_L66P_SCP1_0,OUTPUT,LVCMOS33,0,2,,,,,LOCATED,NO,NONE,
P113,,,GND,,,,,,,,,,,,
P114,adc1,IOB,IO_L65N_SCP2_0,INPUT,LVCMOS33,0,,,,NONE,,LOCATED,NO,NONE,
P115,CLK_ADC_0,IOB,IO_L65P_SCP3_0,OUTPUT,LVCMOS33,0,4,,,,,LOCATED,NO,NONE,
P116,saw1,IOB,IO_L64N_SCP4_0,OUTPUT,LVCMOS33,0,6,,,,,LOCATED,NO,NONE,
P117,adc_reset_0,IOB,IO_L64P_SCP5_0,OUTPUT,LVCMOS33,0,2,,,,,LOCATED,NO,NONE,
P118,,IOBS,IO_L63N_SCP6_0,UNUSED,,0,,,,,,,,,
P119,,IOBM,IO_L63P_SCP7_0,UNUSED,,0,,,,,,,,,
P120,,IOBS,IO_L62N_VREF_0,UNUSED,,0,,,,,,,,,
P121,,IOBM,IO_L62P_0,UNUSED,,0,,,,,,,,,
P122,,,VCCO_0,,,0,,,,,3.30,,,,
P123,,IOBS,IO_L37N_GCLK12_0,UNUSED,,0,,,,,,,,,
P124,evt_1,IOB,IO_L37P_GCLK13_0,INPUT,LVCMOS33,0,,,,NONE,,LOCATED,NO,NONE,
P125,,,VCCO_0,,,0,,,,,3.30,,,,
P126,,IOBS,IO_L36N_GCLK14_0,UNUSED,,0,,,,,,,,,
P127,evt_2,IOB,IO_L36P_GCLK15_0,INPUT,LVCMOS33,0,,,,NONE,,LOCATED,NO,NONE,
P128,,,VCCINT,,,,,,,,1.2,,,,
P129,,,VCCAUX,,,,,,,,2.5,,,,
P130,,,GND,,,,,,,,,,,,
P131,,IOBS,IO_L35N_GCLK16_0,UNUSED,,0,,,,,,,,,
P132,evt_3,IOB,IO_L35P_GCLK17_0,INPUT,LVCMOS33,0,,,,NONE,,LOCATED,NO,NONE,
P133,,IOBS,IO_L34N_GCLK18_0,UNUSED,,0,,,,,,,,,
P134,evt_4,IOB,IO_L34P_GCLK19_0,INPUT,LVCMOS33,0,,,,NONE,,LOCATED,NO,NONE,
P135,,,VCCO_0,,,0,,,,,3.30,,,,
P136,,,GND,,,,,,,,,,,,
P137,,IOBS,IO_L4N_0,UNUSED,,0,,,,,,,,,
P138,,IOBM,IO_L4P_0,UNUSED,,0,,,,,,,,,
P139,,IOBS,IO_L3N_0,UNUSED,,0,,,,,,,,,
P140,,IOBM,IO_L3P_0,UNUSED,,0,,,,,,,,,
P141,,IOBS,IO_L2N_0,UNUSED,,0,,,,,,,,,
P142,,IOBM,IO_L2P_0,UNUSED,,0,,,,,,,,,
P143,,IOBS,IO_L1N_VREF_0,UNUSED,,0,,,,,,,,,
P144,,IOBM,IO_L1P_HSWAPEN_0,UNUSED,,0,,,,,,,,,

# -----,-----,-----,-----,-----,-----,-----,-----,-----,-----,-----,-----,-----,-----,-----,
# 
#* Default value.
#** This default Pullup/Pulldown value can be overridden in Bitgen. 
#****** Special VCCO requirements may apply. Please consult the device 
#       family datasheet for specific guideline on VCCO requirements. 
#
#
#