<?xml version="1.0" encoding="UTF-8"?>
<!-- IMPORTANT: This is an internal file that has been generated
     by the Xilinx ISE software.  Any direct editing or
     changes made to this file may result in unpredictable
     behavior or data corruption.  It is strongly advised that
     users do not edit the contents of this file. -->
<DeviceUsageSummary rev="174">
<DesignStatistics TimeStamp="Sat Nov 29 19:40:52 2014"><group name="NetStatistics">
<item name="NumNets_Active" rev="174">
<attrib name="value" value="794"/></item>
<item name="NumNets_Gnd" rev="174">
<attrib name="value" value="1"/></item>
<item name="NumNets_Vcc" rev="174">
<attrib name="value" value="1"/></item>
<item name="NumNodesOfType_Active_BOUNCEACROSS" rev="174">
<attrib name="value" value="23"/></item>
<item name="NumNodesOfType_Active_BOUNCEIN" rev="174">
<attrib name="value" value="118"/></item>
<item name="NumNodesOfType_Active_BUFGOUT" rev="174">
<attrib name="value" value="4"/></item>
<item name="NumNodesOfType_Active_BUFHINP2OUT" rev="174">
<attrib name="value" value="18"/></item>
<item name="NumNodesOfType_Active_CLKPIN" rev="174">
<attrib name="value" value="141"/></item>
<item name="NumNodesOfType_Active_CLKPINFEED" rev="174">
<attrib name="value" value="30"/></item>
<item name="NumNodesOfType_Active_CNTRLPIN" rev="174">
<attrib name="value" value="154"/></item>
<item name="NumNodesOfType_Active_DOUBLE" rev="174">
<attrib name="value" value="1155"/></item>
<item name="NumNodesOfType_Active_GENERIC" rev="174">
<attrib name="value" value="88"/></item>
<item name="NumNodesOfType_Active_GLOBAL" rev="174">
<attrib name="value" value="90"/></item>
<item name="NumNodesOfType_Active_INPUT" rev="174">
<attrib name="value" value="354"/></item>
<item name="NumNodesOfType_Active_IOBIN2OUT" rev="174">
<attrib name="value" value="69"/></item>
<item name="NumNodesOfType_Active_IOBOUTPUT" rev="174">
<attrib name="value" value="69"/></item>
<item name="NumNodesOfType_Active_LUTINPUT" rev="174">
<attrib name="value" value="1646"/></item>
<item name="NumNodesOfType_Active_OUTBOUND" rev="174">
<attrib name="value" value="811"/></item>
<item name="NumNodesOfType_Active_OUTPUT" rev="174">
<attrib name="value" value="750"/></item>
<item name="NumNodesOfType_Active_PADINPUT" rev="174">
<attrib name="value" value="50"/></item>
<item name="NumNodesOfType_Active_PADOUTPUT" rev="174">
<attrib name="value" value="19"/></item>
<item name="NumNodesOfType_Active_PINBOUNCE" rev="174">
<attrib name="value" value="544"/></item>
<item name="NumNodesOfType_Active_PINFEED" rev="174">
<attrib name="value" value="2197"/></item>
<item name="NumNodesOfType_Active_QUAD" rev="174">
<attrib name="value" value="875"/></item>
<item name="NumNodesOfType_Active_REGINPUT" rev="174">
<attrib name="value" value="173"/></item>
<item name="NumNodesOfType_Active_SINGLE" rev="174">
<attrib name="value" value="1481"/></item>
<item name="NumNodesOfType_Gnd_BOUNCEIN" rev="174">
<attrib name="value" value="41"/></item>
<item name="NumNodesOfType_Gnd_DOUBLE" rev="174">
<attrib name="value" value="2"/></item>
<item name="NumNodesOfType_Gnd_HGNDOUT" rev="174">
<attrib name="value" value="21"/></item>
<item name="NumNodesOfType_Gnd_INPUT" rev="174">
<attrib name="value" value="112"/></item>
<item name="NumNodesOfType_Gnd_LUTINPUT" rev="174">
<attrib name="value" value="18"/></item>
<item name="NumNodesOfType_Gnd_OUTBOUND" rev="174">
<attrib name="value" value="7"/></item>
<item name="NumNodesOfType_Gnd_OUTPUT" rev="174">
<attrib name="value" value="8"/></item>
<item name="NumNodesOfType_Gnd_PINBOUNCE" rev="174">
<attrib name="value" value="43"/></item>
<item name="NumNodesOfType_Gnd_PINFEED" rev="174">
<attrib name="value" value="120"/></item>
<item name="NumNodesOfType_Gnd_REGINPUT" rev="174">
<attrib name="value" value="10"/></item>
<item name="NumNodesOfType_Gnd_SINGLE" rev="174">
<attrib name="value" value="8"/></item>
<item name="NumNodesOfType_Vcc_CNTRLPIN" rev="174">
<attrib name="value" value="2"/></item>
<item name="NumNodesOfType_Vcc_HVCCOUT" rev="174">
<attrib name="value" value="67"/></item>
<item name="NumNodesOfType_Vcc_INPUT" rev="174">
<attrib name="value" value="8"/></item>
<item name="NumNodesOfType_Vcc_KVCCOUT" rev="174">
<attrib name="value" value="11"/></item>
<item name="NumNodesOfType_Vcc_LUTINPUT" rev="174">
<attrib name="value" value="177"/></item>
<item name="NumNodesOfType_Vcc_PINBOUNCE" rev="174">
<attrib name="value" value="8"/></item>
<item name="NumNodesOfType_Vcc_PINFEED" rev="174">
<attrib name="value" value="185"/></item>
<item name="NumNodesOfType_Vcc_REGINPUT" rev="174">
<attrib name="value" value="6"/></item>
</group>
<group name="MiscellaneousStatistics">
<item name="AGG_BONDED_IO" rev="173">
<attrib name="value" value="54"/></item>
<item name="AGG_IO" rev="173">
<attrib name="value" value="54"/></item>
<item name="AGG_LOCED_IO" rev="173">
<attrib name="value" value="54"/></item>
<item name="AGG_SLICE" rev="173">
<attrib name="value" value="183"/></item>
<item name="NUM_BONDED_IOB" rev="173">
<attrib name="value" value="54"/></item>
<item name="NUM_BSFULL" rev="173">
<attrib name="value" value="243"/></item>
<item name="NUM_BSLUTONLY" rev="173">
<attrib name="value" value="169"/></item>
<item name="NUM_BSREGONLY" rev="173">
<attrib name="value" value="125"/></item>
<item name="NUM_BSUSED" rev="173">
<attrib name="value" value="537"/></item>
<item name="NUM_BUFG" rev="173">
<attrib name="value" value="4"/></item>
<item name="NUM_DPRAM_O5ANDO6" rev="173">
<attrib name="value" value="8"/></item>
<item name="NUM_LOCED_IOB" rev="173">
<attrib name="value" value="54"/></item>
<item name="NUM_LOGIC_O5ANDO6" rev="173">
<attrib name="value" value="107"/></item>
<item name="NUM_LOGIC_O5ONLY" rev="173">
<attrib name="value" value="41"/></item>
<item name="NUM_LOGIC_O6ONLY" rev="173">
<attrib name="value" value="223"/></item>
<item name="NUM_LUT_RT_DRIVES_CARRY4" rev="173">
<attrib name="value" value="7"/></item>
<item name="NUM_LUT_RT_DRIVES_FLOP" rev="173">
<attrib name="value" value="5"/></item>
<item name="NUM_LUT_RT_EXO5" rev="173">
<attrib name="value" value="5"/></item>
<item name="NUM_LUT_RT_EXO6" rev="173">
<attrib name="value" value="7"/></item>
<item name="NUM_LUT_RT_O5" rev="173">
<attrib name="value" value="2"/></item>
<item name="NUM_LUT_RT_O6" rev="173">
<attrib name="value" value="41"/></item>
<item name="NUM_RAMB16BWER" rev="173">
<attrib name="value" value="5"/></item>
<item name="NUM_SLICEL" rev="173">
<attrib name="value" value="36"/></item>
<item name="NUM_SLICEM" rev="173">
<attrib name="value" value="8"/></item>
<item name="NUM_SLICEX" rev="173">
<attrib name="value" value="139"/></item>
<item name="NUM_SLICE_CARRY4" rev="173">
<attrib name="value" value="33"/></item>
<item name="NUM_SLICE_CONTROLSET" rev="173">
<attrib name="value" value="54"/></item>
<item name="NUM_SLICE_CYINIT" rev="173">
<attrib name="value" value="595"/></item>
<item name="NUM_SLICE_F7MUX" rev="173">
<attrib name="value" value="3"/></item>
<item name="NUM_SLICE_FF" rev="173">
<attrib name="value" value="408"/></item>
<item name="NUM_SLICE_UNUSEDCTRL" rev="173">
<attrib name="value" value="42"/></item>
<item name="NUM_SPRAM_O5ANDO6" rev="173">
<attrib name="value" value="8"/></item>
<item name="NUM_SPRAM_O6ONLY" rev="173">
<attrib name="value" value="8"/></item>
<item name="NUM_SRL_O5ANDO6" rev="173">
<attrib name="value" value="4"/></item>
<item name="NUM_SRL_O6ONLY" rev="173">
<attrib name="value" value="1"/></item>
<item name="NUM_UNUSABLE_FF_BELS" rev="173">
<attrib name="value" value="191"/></item>
<item name="Xilinx Core blk_mem_gen_v6_1, Xilinx CORE Generator 13.2" rev="173">
<attrib name="value" value="4"/></item>
</group>
<group name="SiteStatistics">
<item name="BUFG-BUFGMUX" rev="174">
<attrib name="value" value="4"/></item>
<item name="IOB-IOBM" rev="174">
<attrib name="value" value="29"/></item>
<item name="IOB-IOBS" rev="174">
<attrib name="value" value="25"/></item>
<item name="SLICEL-SLICEM" rev="174">
<attrib name="value" value="16"/></item>
<item name="SLICEX-SLICEL" rev="174">
<attrib name="value" value="37"/></item>
<item name="SLICEX-SLICEM" rev="174">
<attrib name="value" value="31"/></item>
</group>
</DesignStatistics>
<DeviceUsage TimeStamp="Sat Nov 29 19:40:52 2014"><group name="SiteSummary">
<item name="BUFG" rev="174">
<attrib name="total" value="1000000"/><attrib name="used" value="4"/></item>
<item name="BUFG_BUFG" rev="174">
<attrib name="total" value="1000000"/><attrib name="used" value="4"/></item>
<item name="CARRY4" rev="174">
<attrib name="total" value="1000000"/><attrib name="used" value="33"/></item>
<item name="FF_SR" rev="174">
<attrib name="total" value="1000000"/><attrib name="used" value="47"/></item>
<item name="HARD0" rev="174">
<attrib name="total" value="1000000"/><attrib name="used" value="7"/></item>
<item name="HARD1" rev="174">
<attrib name="total" value="1000000"/><attrib name="used" value="6"/></item>
<item name="INVERTER" rev="174">
<attrib name="total" value="1000000"/><attrib name="used" value="1"/></item>
<item name="IOB" rev="174">
<attrib name="total" value="1000000"/><attrib name="used" value="54"/></item>
<item name="IOB_IMUX" rev="174">
<attrib name="total" value="1000000"/><attrib name="used" value="20"/></item>
<item name="IOB_INBUF" rev="174">
<attrib name="total" value="1000000"/><attrib name="used" value="20"/></item>
<item name="IOB_OUTBUF" rev="174">
<attrib name="total" value="1000000"/><attrib name="used" value="42"/></item>
<item name="LUT5" rev="174">
<attrib name="total" value="1000000"/><attrib name="used" value="155"/></item>
<item name="LUT6" rev="174">
<attrib name="total" value="1000000"/><attrib name="used" value="378"/></item>
<item name="LUT_OR_MEM5" rev="174">
<attrib name="total" value="1000000"/><attrib name="used" value="20"/></item>
<item name="LUT_OR_MEM6" rev="174">
<attrib name="total" value="1000000"/><attrib name="used" value="29"/></item>
<item name="PAD" rev="174">
<attrib name="total" value="1000000"/><attrib name="used" value="54"/></item>
<item name="RAMB16BWER" rev="174">
<attrib name="total" value="1000000"/><attrib name="used" value="5"/></item>
<item name="RAMB16BWER_RAMB16BWER" rev="174">
<attrib name="total" value="1000000"/><attrib name="used" value="5"/></item>
<item name="REG_SR" rev="174">
<attrib name="total" value="1000000"/><attrib name="used" value="361"/></item>
<item name="SELMUX2_1" rev="174">
<attrib name="total" value="1000000"/><attrib name="used" value="3"/></item>
<item name="SLICEL" rev="174">
<attrib name="total" value="1000000"/><attrib name="used" value="36"/></item>
<item name="SLICEM" rev="174">
<attrib name="total" value="1000000"/><attrib name="used" value="8"/></item>
<item name="SLICEX" rev="174">
<attrib name="total" value="1000000"/><attrib name="used" value="139"/></item>
</group>
</DeviceUsage>
<ReportConfigData TimeStamp="Sat Nov 29 19:40:52 2014"><group name="REG_SR">
<item name="CK" rev="174">
<attrib name="CK" value="361"/><attrib name="CK_INV" value="0"/></item>
<item name="LATCH_OR_FF" rev="174">
<attrib name="FF" value="361"/></item>
<item name="SRINIT" rev="174">
<attrib name="SRINIT0" value="319"/><attrib name="SRINIT1" value="42"/></item>
<item name="SYNC_ATTR" rev="174">
<attrib name="ASYNC" value="265"/><attrib name="SYNC" value="96"/></item>
</group>
<group name="LUT_OR_MEM5">
<item name="CLK" rev="174">
<attrib name="CLK" value="20"/><attrib name="CLK_INV" value="0"/></item>
<item name="LUT_OR_MEM" rev="174">
<attrib name="RAM" value="20"/></item>
<item name="RAMMODE" rev="174">
<attrib name="SPRAM32" value="8"/><attrib name="SRL16" value="4"/><attrib name="DPRAM32" value="8"/></item>
</group>
<group name="LUT_OR_MEM6">
<item name="CLK" rev="174">
<attrib name="CLK" value="29"/><attrib name="CLK_INV" value="0"/></item>
<item name="LUT_OR_MEM" rev="174">
<attrib name="RAM" value="29"/></item>
<item name="RAMMODE" rev="174">
<attrib name="SPRAM32" value="8"/><attrib name="SPRAM64" value="8"/><attrib name="SRL16" value="5"/><attrib name="DPRAM32" value="8"/></item>
</group>
<group name="SLICEL">
<item name="CLK" rev="174">
<attrib name="CLK" value="32"/><attrib name="CLK_INV" value="0"/></item>
</group>
<group name="SLICEM">
<item name="CLK" rev="174">
<attrib name="CLK" value="8"/><attrib name="CLK_INV" value="0"/></item>
</group>
<group name="IOB_OUTBUF">
<item name="DRIVEATTRBOX" rev="174">
<attrib name="2" value="18"/><attrib name="4" value="4"/><attrib name="6" value="20"/></item>
<item name="SLEW" rev="174">
<attrib name="SLOW" value="38"/><attrib name="FAST" value="4"/></item>
<item name="SUSPEND" rev="174">
<attrib name="3STATE" value="42"/></item>
</group>
<group name="SLICEX">
<item name="CLK" rev="174">
<attrib name="CLK" value="101"/><attrib name="CLK_INV" value="0"/></item>
</group>
<group name="RAMB16BWER">
<item name="CLKA" rev="174">
<attrib name="CLKA_INV" value="0"/><attrib name="CLKA" value="5"/></item>
<item name="CLKB" rev="174">
<attrib name="CLKB_INV" value="0"/><attrib name="CLKB" value="5"/></item>
<item name="ENA" rev="174">
<attrib name="ENA_INV" value="0"/><attrib name="ENA" value="5"/></item>
<item name="ENB" rev="174">
<attrib name="ENB_INV" value="0"/><attrib name="ENB" value="5"/></item>
<item name="REGCEA" rev="174">
<attrib name="REGCEA_INV" value="0"/><attrib name="REGCEA" value="1"/></item>
<item name="REGCEB" rev="174">
<attrib name="REGCEB_INV" value="0"/><attrib name="REGCEB" value="1"/></item>
<item name="RSTA" rev="174">
<attrib name="RSTA" value="5"/><attrib name="RSTA_INV" value="0"/></item>
<item name="RSTB" rev="174">
<attrib name="RSTB" value="5"/><attrib name="RSTB_INV" value="0"/></item>
<item name="WEA0" rev="174">
<attrib name="WEA0" value="5"/><attrib name="WEA0_INV" value="0"/></item>
<item name="WEA1" rev="174">
<attrib name="WEA1" value="5"/><attrib name="WEA1_INV" value="0"/></item>
<item name="WEA2" rev="174">
<attrib name="WEA2" value="5"/><attrib name="WEA2_INV" value="0"/></item>
<item name="WEA3" rev="174">
<attrib name="WEA3_INV" value="0"/><attrib name="WEA3" value="5"/></item>
<item name="WEB0" rev="174">
<attrib name="WEB0" value="5"/><attrib name="WEB0_INV" value="0"/></item>
<item name="WEB1" rev="174">
<attrib name="WEB1" value="5"/><attrib name="WEB1_INV" value="0"/></item>
<item name="WEB2" rev="174">
<attrib name="WEB2_INV" value="0"/><attrib name="WEB2" value="5"/></item>
<item name="WEB3" rev="174">
<attrib name="WEB3" value="5"/><attrib name="WEB3_INV" value="0"/></item>
</group>
<group name="RAMB16BWER_RAMB16BWER">
<item name="CLKA" rev="174">
<attrib name="CLKA_INV" value="0"/><attrib name="CLKA" value="5"/></item>
<item name="CLKB" rev="174">
<attrib name="CLKB_INV" value="0"/><attrib name="CLKB" value="5"/></item>
<item name="DATA_WIDTH_A" rev="174">
<attrib name="9" value="4"/><attrib name="18" value="1"/></item>
<item name="DATA_WIDTH_B" rev="174">
<attrib name="18" value="1"/><attrib name="36" value="4"/></item>
<item name="DOA_REG" rev="174">
<attrib name="0" value="5"/></item>
<item name="DOB_REG" rev="174">
<attrib name="0" value="5"/></item>
<item name="ENA" rev="174">
<attrib name="ENA_INV" value="0"/><attrib name="ENA" value="5"/></item>
<item name="ENB" rev="174">
<attrib name="ENB_INV" value="0"/><attrib name="ENB" value="5"/></item>
<item name="EN_RSTRAM_A" rev="174">
<attrib name="FALSE" value="1"/><attrib name="TRUE" value="4"/></item>
<item name="EN_RSTRAM_B" rev="174">
<attrib name="FALSE" value="1"/><attrib name="TRUE" value="4"/></item>
<item name="RAM_MODE" rev="174">
<attrib name="TDP" value="5"/></item>
<item name="REGCEA" rev="174">
<attrib name="REGCEA_INV" value="0"/><attrib name="REGCEA" value="1"/></item>
<item name="REGCEB" rev="174">
<attrib name="REGCEB_INV" value="0"/><attrib name="REGCEB" value="1"/></item>
<item name="RSTA" rev="174">
<attrib name="RSTA" value="5"/><attrib name="RSTA_INV" value="0"/></item>
<item name="RSTB" rev="174">
<attrib name="RSTB" value="5"/><attrib name="RSTB_INV" value="0"/></item>
<item name="RSTTYPE" rev="174">
<attrib name="SYNC" value="5"/></item>
<item name="RST_PRIORITY_A" rev="174">
<attrib name="CE" value="5"/></item>
<item name="RST_PRIORITY_B" rev="174">
<attrib name="CE" value="5"/></item>
<item name="WEA0" rev="174">
<attrib name="WEA0" value="5"/><attrib name="WEA0_INV" value="0"/></item>
<item name="WEA1" rev="174">
<attrib name="WEA1" value="5"/><attrib name="WEA1_INV" value="0"/></item>
<item name="WEA2" rev="174">
<attrib name="WEA2" value="5"/><attrib name="WEA2_INV" value="0"/></item>
<item name="WEA3" rev="174">
<attrib name="WEA3_INV" value="0"/><attrib name="WEA3" value="5"/></item>
<item name="WEB0" rev="174">
<attrib name="WEB0" value="5"/><attrib name="WEB0_INV" value="0"/></item>
<item name="WEB1" rev="174">
<attrib name="WEB1" value="5"/><attrib name="WEB1_INV" value="0"/></item>
<item name="WEB2" rev="174">
<attrib name="WEB2_INV" value="0"/><attrib name="WEB2" value="5"/></item>
<item name="WEB3" rev="174">
<attrib name="WEB3" value="5"/><attrib name="WEB3_INV" value="0"/></item>
<item name="WRITE_MODE_A" rev="174">
<attrib name="WRITE_FIRST" value="5"/></item>
<item name="WRITE_MODE_B" rev="174">
<attrib name="WRITE_FIRST" value="5"/></item>
</group>
<group name="FF_SR">
<item name="CK" rev="174">
<attrib name="CK" value="47"/><attrib name="CK_INV" value="0"/></item>
<item name="SRINIT" rev="174">
<attrib name="SRINIT0" value="46"/><attrib name="SRINIT1" value="1"/></item>
<item name="SYNC_ATTR" rev="174">
<attrib name="ASYNC" value="39"/><attrib name="SYNC" value="8"/></item>
</group>
</ReportConfigData>
<ReportPinData TimeStamp="Sat Nov 29 19:40:52 2014"><group name="REG_SR">
<item name="CE" rev="174">
<attrib name="value" value="246"/></item>
<item name="CK" rev="174">
<attrib name="value" value="361"/></item>
<item name="D" rev="174">
<attrib name="value" value="361"/></item>
<item name="Q" rev="174">
<attrib name="value" value="361"/></item>
<item name="SR" rev="174">
<attrib name="value" value="151"/></item>
</group>
<group name="LUT_OR_MEM5">
<item name="A1" rev="174">
<attrib name="value" value="20"/></item>
<item name="A2" rev="174">
<attrib name="value" value="20"/></item>
<item name="A3" rev="174">
<attrib name="value" value="20"/></item>
<item name="A4" rev="174">
<attrib name="value" value="20"/></item>
<item name="A5" rev="174">
<attrib name="value" value="20"/></item>
<item name="CLK" rev="174">
<attrib name="value" value="20"/></item>
<item name="DI1" rev="174">
<attrib name="value" value="20"/></item>
<item name="O5" rev="174">
<attrib name="value" value="20"/></item>
<item name="WA1" rev="174">
<attrib name="value" value="16"/></item>
<item name="WA2" rev="174">
<attrib name="value" value="16"/></item>
<item name="WA3" rev="174">
<attrib name="value" value="16"/></item>
<item name="WA4" rev="174">
<attrib name="value" value="16"/></item>
<item name="WA5" rev="174">
<attrib name="value" value="16"/></item>
<item name="WE" rev="174">
<attrib name="value" value="20"/></item>
</group>
<group name="LUT_OR_MEM6">
<item name="A1" rev="174">
<attrib name="value" value="29"/></item>
<item name="A2" rev="174">
<attrib name="value" value="29"/></item>
<item name="A3" rev="174">
<attrib name="value" value="29"/></item>
<item name="A4" rev="174">
<attrib name="value" value="29"/></item>
<item name="A5" rev="174">
<attrib name="value" value="29"/></item>
<item name="A6" rev="174">
<attrib name="value" value="29"/></item>
<item name="CLK" rev="174">
<attrib name="value" value="29"/></item>
<item name="DI1" rev="174">
<attrib name="value" value="8"/></item>
<item name="DI2" rev="174">
<attrib name="value" value="21"/></item>
<item name="O6" rev="174">
<attrib name="value" value="29"/></item>
<item name="WA1" rev="174">
<attrib name="value" value="24"/></item>
<item name="WA2" rev="174">
<attrib name="value" value="24"/></item>
<item name="WA3" rev="174">
<attrib name="value" value="24"/></item>
<item name="WA4" rev="174">
<attrib name="value" value="24"/></item>
<item name="WA5" rev="174">
<attrib name="value" value="24"/></item>
<item name="WA6" rev="174">
<attrib name="value" value="24"/></item>
<item name="WE" rev="174">
<attrib name="value" value="29"/></item>
</group>
<group name="SLICEL">
<item name="A1" rev="174">
<attrib name="value" value="11"/></item>
<item name="A2" rev="174">
<attrib name="value" value="16"/></item>
<item name="A3" rev="174">
<attrib name="value" value="19"/></item>
<item name="A4" rev="174">
<attrib name="value" value="35"/></item>
<item name="A5" rev="174">
<attrib name="value" value="20"/></item>
<item name="A6" rev="174">
<attrib name="value" value="35"/></item>
<item name="AMUX" rev="174">
<attrib name="value" value="1"/></item>
<item name="AQ" rev="174">
<attrib name="value" value="31"/></item>
<item name="AX" rev="174">
<attrib name="value" value="6"/></item>
<item name="B" rev="174">
<attrib name="value" value="3"/></item>
<item name="B1" rev="174">
<attrib name="value" value="9"/></item>
<item name="B2" rev="174">
<attrib name="value" value="14"/></item>
<item name="B3" rev="174">
<attrib name="value" value="19"/></item>
<item name="B4" rev="174">
<attrib name="value" value="34"/></item>
<item name="B5" rev="174">
<attrib name="value" value="19"/></item>
<item name="B6" rev="174">
<attrib name="value" value="30"/></item>
<item name="BMUX" rev="174">
<attrib name="value" value="2"/></item>
<item name="BQ" rev="174">
<attrib name="value" value="25"/></item>
<item name="BX" rev="174">
<attrib name="value" value="3"/></item>
<item name="C" rev="174">
<attrib name="value" value="1"/></item>
<item name="C1" rev="174">
<attrib name="value" value="9"/></item>
<item name="C2" rev="174">
<attrib name="value" value="16"/></item>
<item name="C3" rev="174">
<attrib name="value" value="20"/></item>
<item name="C4" rev="174">
<attrib name="value" value="31"/></item>
<item name="C5" rev="174">
<attrib name="value" value="20"/></item>
<item name="C6" rev="174">
<attrib name="value" value="30"/></item>
<item name="CE" rev="174">
<attrib name="value" value="18"/></item>
<item name="CIN" rev="174">
<attrib name="value" value="17"/></item>
<item name="CLK" rev="174">
<attrib name="value" value="32"/></item>
<item name="CMUX" rev="174">
<attrib name="value" value="5"/></item>
<item name="COUT" rev="174">
<attrib name="value" value="17"/></item>
<item name="CQ" rev="174">
<attrib name="value" value="25"/></item>
<item name="CX" rev="174">
<attrib name="value" value="7"/></item>
<item name="D" rev="174">
<attrib name="value" value="2"/></item>
<item name="D1" rev="174">
<attrib name="value" value="8"/></item>
<item name="D2" rev="174">
<attrib name="value" value="14"/></item>
<item name="D3" rev="174">
<attrib name="value" value="16"/></item>
<item name="D4" rev="174">
<attrib name="value" value="28"/></item>
<item name="D5" rev="174">
<attrib name="value" value="18"/></item>
<item name="D6" rev="174">
<attrib name="value" value="26"/></item>
<item name="DMUX" rev="174">
<attrib name="value" value="2"/></item>
<item name="DQ" rev="174">
<attrib name="value" value="22"/></item>
<item name="DX" rev="174">
<attrib name="value" value="3"/></item>
<item name="SR" rev="174">
<attrib name="value" value="16"/></item>
</group>
<group name="SLICEM">
<item name="A" rev="174">
<attrib name="value" value="3"/></item>
<item name="A1" rev="174">
<attrib name="value" value="8"/></item>
<item name="A2" rev="174">
<attrib name="value" value="8"/></item>
<item name="A3" rev="174">
<attrib name="value" value="8"/></item>
<item name="A4" rev="174">
<attrib name="value" value="8"/></item>
<item name="A5" rev="174">
<attrib name="value" value="8"/></item>
<item name="A6" rev="174">
<attrib name="value" value="8"/></item>
<item name="AI" rev="174">
<attrib name="value" value="6"/></item>
<item name="AMUX" rev="174">
<attrib name="value" value="5"/></item>
<item name="AQ" rev="174">
<attrib name="value" value="5"/></item>
<item name="AX" rev="174">
<attrib name="value" value="5"/></item>
<item name="B" rev="174">
<attrib name="value" value="2"/></item>
<item name="B1" rev="174">
<attrib name="value" value="7"/></item>
<item name="B2" rev="174">
<attrib name="value" value="7"/></item>
<item name="B3" rev="174">
<attrib name="value" value="7"/></item>
<item name="B4" rev="174">
<attrib name="value" value="7"/></item>
<item name="B5" rev="174">
<attrib name="value" value="7"/></item>
<item name="B6" rev="174">
<attrib name="value" value="7"/></item>
<item name="BI" rev="174">
<attrib name="value" value="5"/></item>
<item name="BMUX" rev="174">
<attrib name="value" value="5"/></item>
<item name="BQ" rev="174">
<attrib name="value" value="5"/></item>
<item name="BX" rev="174">
<attrib name="value" value="7"/></item>
<item name="C" rev="174">
<attrib name="value" value="2"/></item>
<item name="C1" rev="174">
<attrib name="value" value="7"/></item>
<item name="C2" rev="174">
<attrib name="value" value="7"/></item>
<item name="C3" rev="174">
<attrib name="value" value="7"/></item>
<item name="C4" rev="174">
<attrib name="value" value="7"/></item>
<item name="C5" rev="174">
<attrib name="value" value="7"/></item>
<item name="C6" rev="174">
<attrib name="value" value="7"/></item>
<item name="CE" rev="174">
<attrib name="value" value="8"/></item>
<item name="CI" rev="174">
<attrib name="value" value="5"/></item>
<item name="CLK" rev="174">
<attrib name="value" value="8"/></item>
<item name="CMUX" rev="174">
<attrib name="value" value="5"/></item>
<item name="CQ" rev="174">
<attrib name="value" value="5"/></item>
<item name="CX" rev="174">
<attrib name="value" value="5"/></item>
<item name="D" rev="174">
<attrib name="value" value="2"/></item>
<item name="D1" rev="174">
<attrib name="value" value="7"/></item>
<item name="D2" rev="174">
<attrib name="value" value="7"/></item>
<item name="D3" rev="174">
<attrib name="value" value="7"/></item>
<item name="D4" rev="174">
<attrib name="value" value="7"/></item>
<item name="D5" rev="174">
<attrib name="value" value="7"/></item>
<item name="D6" rev="174">
<attrib name="value" value="7"/></item>
<item name="DI" rev="174">
<attrib name="value" value="5"/></item>
<item name="DMUX" rev="174">
<attrib name="value" value="5"/></item>
<item name="DQ" rev="174">
<attrib name="value" value="5"/></item>
<item name="DX" rev="174">
<attrib name="value" value="7"/></item>
</group>
<group name="IOB_OUTBUF">
<item name="IN" rev="174">
<attrib name="value" value="42"/></item>
<item name="OUT" rev="174">
<attrib name="value" value="42"/></item>
<item name="TRI" rev="174">
<attrib name="value" value="8"/></item>
</group>
<group name="SLICEX">
<item name="A" rev="174">
<attrib name="value" value="42"/></item>
<item name="A1" rev="174">
<attrib name="value" value="39"/></item>
<item name="A2" rev="174">
<attrib name="value" value="47"/></item>
<item name="A3" rev="174">
<attrib name="value" value="59"/></item>
<item name="A4" rev="174">
<attrib name="value" value="62"/></item>
<item name="A5" rev="174">
<attrib name="value" value="65"/></item>
<item name="A6" rev="174">
<attrib name="value" value="71"/></item>
<item name="AMUX" rev="174">
<attrib name="value" value="18"/></item>
<item name="AQ" rev="174">
<attrib name="value" value="76"/></item>
<item name="AX" rev="174">
<attrib name="value" value="42"/></item>
<item name="B" rev="174">
<attrib name="value" value="42"/></item>
<item name="B1" rev="174">
<attrib name="value" value="20"/></item>
<item name="B2" rev="174">
<attrib name="value" value="26"/></item>
<item name="B3" rev="174">
<attrib name="value" value="42"/></item>
<item name="B4" rev="174">
<attrib name="value" value="50"/></item>
<item name="B5" rev="174">
<attrib name="value" value="50"/></item>
<item name="B6" rev="174">
<attrib name="value" value="53"/></item>
<item name="BMUX" rev="174">
<attrib name="value" value="10"/></item>
<item name="BQ" rev="174">
<attrib name="value" value="47"/></item>
<item name="BX" rev="174">
<attrib name="value" value="34"/></item>
<item name="C" rev="174">
<attrib name="value" value="30"/></item>
<item name="C1" rev="174">
<attrib name="value" value="39"/></item>
<item name="C2" rev="174">
<attrib name="value" value="48"/></item>
<item name="C3" rev="174">
<attrib name="value" value="50"/></item>
<item name="C4" rev="174">
<attrib name="value" value="53"/></item>
<item name="C5" rev="174">
<attrib name="value" value="60"/></item>
<item name="C6" rev="174">
<attrib name="value" value="59"/></item>
<item name="CE" rev="174">
<attrib name="value" value="63"/></item>
<item name="CLK" rev="174">
<attrib name="value" value="101"/></item>
<item name="CMUX" rev="174">
<attrib name="value" value="16"/></item>
<item name="CQ" rev="174">
<attrib name="value" value="64"/></item>
<item name="CX" rev="174">
<attrib name="value" value="34"/></item>
<item name="D" rev="174">
<attrib name="value" value="48"/></item>
<item name="D1" rev="174">
<attrib name="value" value="24"/></item>
<item name="D2" rev="174">
<attrib name="value" value="31"/></item>
<item name="D3" rev="174">
<attrib name="value" value="48"/></item>
<item name="D4" rev="174">
<attrib name="value" value="53"/></item>
<item name="D5" rev="174">
<attrib name="value" value="59"/></item>
<item name="D6" rev="174">
<attrib name="value" value="62"/></item>
<item name="DMUX" rev="174">
<attrib name="value" value="19"/></item>
<item name="DQ" rev="174">
<attrib name="value" value="51"/></item>
<item name="DX" rev="174">
<attrib name="value" value="36"/></item>
<item name="SR" rev="174">
<attrib name="value" value="51"/></item>
</group>
<group name="BUFG_BUFG">
<item name="I0" rev="174">
<attrib name="value" value="4"/></item>
<item name="O" rev="174">
<attrib name="value" value="4"/></item>
</group>
<group name="PAD">
<item name="PAD" rev="174">
<attrib name="value" value="54"/></item>
</group>
<group name="IOB_INBUF">
<item name="OUT" rev="174">
<attrib name="value" value="20"/></item>
<item name="PAD" rev="174">
<attrib name="value" value="20"/></item>
</group>
<group name="RAMB16BWER">
<item name="ADDRA0" rev="174">
<attrib name="value" value="1"/></item>
<item name="ADDRA1" rev="174">
<attrib name="value" value="1"/></item>
<item name="ADDRA10" rev="174">
<attrib name="value" value="5"/></item>
<item name="ADDRA11" rev="174">
<attrib name="value" value="5"/></item>
<item name="ADDRA12" rev="174">
<attrib name="value" value="5"/></item>
<item name="ADDRA13" rev="174">
<attrib name="value" value="5"/></item>
<item name="ADDRA2" rev="174">
<attrib name="value" value="1"/></item>
<item name="ADDRA3" rev="174">
<attrib name="value" value="5"/></item>
<item name="ADDRA4" rev="174">
<attrib name="value" value="5"/></item>
<item name="ADDRA5" rev="174">
<attrib name="value" value="5"/></item>
<item name="ADDRA6" rev="174">
<attrib name="value" value="5"/></item>
<item name="ADDRA7" rev="174">
<attrib name="value" value="5"/></item>
<item name="ADDRA8" rev="174">
<attrib name="value" value="5"/></item>
<item name="ADDRA9" rev="174">
<attrib name="value" value="5"/></item>
<item name="ADDRB0" rev="174">
<attrib name="value" value="1"/></item>
<item name="ADDRB1" rev="174">
<attrib name="value" value="1"/></item>
<item name="ADDRB10" rev="174">
<attrib name="value" value="5"/></item>
<item name="ADDRB11" rev="174">
<attrib name="value" value="5"/></item>
<item name="ADDRB12" rev="174">
<attrib name="value" value="5"/></item>
<item name="ADDRB13" rev="174">
<attrib name="value" value="5"/></item>
<item name="ADDRB2" rev="174">
<attrib name="value" value="1"/></item>
<item name="ADDRB3" rev="174">
<attrib name="value" value="1"/></item>
<item name="ADDRB4" rev="174">
<attrib name="value" value="1"/></item>
<item name="ADDRB5" rev="174">
<attrib name="value" value="5"/></item>
<item name="ADDRB6" rev="174">
<attrib name="value" value="5"/></item>
<item name="ADDRB7" rev="174">
<attrib name="value" value="5"/></item>
<item name="ADDRB8" rev="174">
<attrib name="value" value="5"/></item>
<item name="ADDRB9" rev="174">
<attrib name="value" value="5"/></item>
<item name="CLKA" rev="174">
<attrib name="value" value="5"/></item>
<item name="CLKB" rev="174">
<attrib name="value" value="5"/></item>
<item name="DIA0" rev="174">
<attrib name="value" value="5"/></item>
<item name="DIA1" rev="174">
<attrib name="value" value="5"/></item>
<item name="DIA10" rev="174">
<attrib name="value" value="1"/></item>
<item name="DIA11" rev="174">
<attrib name="value" value="1"/></item>
<item name="DIA12" rev="174">
<attrib name="value" value="1"/></item>
<item name="DIA13" rev="174">
<attrib name="value" value="1"/></item>
<item name="DIA14" rev="174">
<attrib name="value" value="1"/></item>
<item name="DIA15" rev="174">
<attrib name="value" value="1"/></item>
<item name="DIA16" rev="174">
<attrib name="value" value="1"/></item>
<item name="DIA17" rev="174">
<attrib name="value" value="1"/></item>
<item name="DIA18" rev="174">
<attrib name="value" value="1"/></item>
<item name="DIA19" rev="174">
<attrib name="value" value="1"/></item>
<item name="DIA2" rev="174">
<attrib name="value" value="5"/></item>
<item name="DIA20" rev="174">
<attrib name="value" value="1"/></item>
<item name="DIA21" rev="174">
<attrib name="value" value="1"/></item>
<item name="DIA22" rev="174">
<attrib name="value" value="1"/></item>
<item name="DIA23" rev="174">
<attrib name="value" value="1"/></item>
<item name="DIA24" rev="174">
<attrib name="value" value="1"/></item>
<item name="DIA25" rev="174">
<attrib name="value" value="1"/></item>
<item name="DIA26" rev="174">
<attrib name="value" value="1"/></item>
<item name="DIA27" rev="174">
<attrib name="value" value="1"/></item>
<item name="DIA28" rev="174">
<attrib name="value" value="1"/></item>
<item name="DIA29" rev="174">
<attrib name="value" value="1"/></item>
<item name="DIA3" rev="174">
<attrib name="value" value="5"/></item>
<item name="DIA30" rev="174">
<attrib name="value" value="1"/></item>
<item name="DIA31" rev="174">
<attrib name="value" value="1"/></item>
<item name="DIA4" rev="174">
<attrib name="value" value="5"/></item>
<item name="DIA5" rev="174">
<attrib name="value" value="5"/></item>
<item name="DIA6" rev="174">
<attrib name="value" value="5"/></item>
<item name="DIA7" rev="174">
<attrib name="value" value="5"/></item>
<item name="DIA8" rev="174">
<attrib name="value" value="1"/></item>
<item name="DIA9" rev="174">
<attrib name="value" value="1"/></item>
<item name="DIB0" rev="174">
<attrib name="value" value="5"/></item>
<item name="DIB1" rev="174">
<attrib name="value" value="5"/></item>
<item name="DIB10" rev="174">
<attrib name="value" value="5"/></item>
<item name="DIB11" rev="174">
<attrib name="value" value="5"/></item>
<item name="DIB12" rev="174">
<attrib name="value" value="5"/></item>
<item name="DIB13" rev="174">
<attrib name="value" value="5"/></item>
<item name="DIB14" rev="174">
<attrib name="value" value="5"/></item>
<item name="DIB15" rev="174">
<attrib name="value" value="5"/></item>
<item name="DIB16" rev="174">
<attrib name="value" value="5"/></item>
<item name="DIB17" rev="174">
<attrib name="value" value="5"/></item>
<item name="DIB18" rev="174">
<attrib name="value" value="5"/></item>
<item name="DIB19" rev="174">
<attrib name="value" value="5"/></item>
<item name="DIB2" rev="174">
<attrib name="value" value="5"/></item>
<item name="DIB20" rev="174">
<attrib name="value" value="5"/></item>
<item name="DIB21" rev="174">
<attrib name="value" value="5"/></item>
<item name="DIB22" rev="174">
<attrib name="value" value="5"/></item>
<item name="DIB23" rev="174">
<attrib name="value" value="5"/></item>
<item name="DIB24" rev="174">
<attrib name="value" value="5"/></item>
<item name="DIB25" rev="174">
<attrib name="value" value="5"/></item>
<item name="DIB26" rev="174">
<attrib name="value" value="5"/></item>
<item name="DIB27" rev="174">
<attrib name="value" value="5"/></item>
<item name="DIB28" rev="174">
<attrib name="value" value="5"/></item>
<item name="DIB29" rev="174">
<attrib name="value" value="5"/></item>
<item name="DIB3" rev="174">
<attrib name="value" value="5"/></item>
<item name="DIB30" rev="174">
<attrib name="value" value="5"/></item>
<item name="DIB31" rev="174">
<attrib name="value" value="5"/></item>
<item name="DIB4" rev="174">
<attrib name="value" value="5"/></item>
<item name="DIB5" rev="174">
<attrib name="value" value="5"/></item>
<item name="DIB6" rev="174">
<attrib name="value" value="5"/></item>
<item name="DIB7" rev="174">
<attrib name="value" value="5"/></item>
<item name="DIB8" rev="174">
<attrib name="value" value="5"/></item>
<item name="DIB9" rev="174">
<attrib name="value" value="5"/></item>
<item name="DIPA0" rev="174">
<attrib name="value" value="5"/></item>
<item name="DIPA1" rev="174">
<attrib name="value" value="1"/></item>
<item name="DIPA2" rev="174">
<attrib name="value" value="1"/></item>
<item name="DIPA3" rev="174">
<attrib name="value" value="1"/></item>
<item name="DIPB0" rev="174">
<attrib name="value" value="5"/></item>
<item name="DIPB1" rev="174">
<attrib name="value" value="5"/></item>
<item name="DIPB2" rev="174">
<attrib name="value" value="5"/></item>
<item name="DIPB3" rev="174">
<attrib name="value" value="5"/></item>
<item name="DOA0" rev="174">
<attrib name="value" value="5"/></item>
<item name="DOA1" rev="174">
<attrib name="value" value="5"/></item>
<item name="DOA10" rev="174">
<attrib name="value" value="1"/></item>
<item name="DOA11" rev="174">
<attrib name="value" value="1"/></item>
<item name="DOA12" rev="174">
<attrib name="value" value="1"/></item>
<item name="DOA13" rev="174">
<attrib name="value" value="1"/></item>
<item name="DOA14" rev="174">
<attrib name="value" value="1"/></item>
<item name="DOA15" rev="174">
<attrib name="value" value="1"/></item>
<item name="DOA2" rev="174">
<attrib name="value" value="5"/></item>
<item name="DOA3" rev="174">
<attrib name="value" value="5"/></item>
<item name="DOA4" rev="174">
<attrib name="value" value="5"/></item>
<item name="DOA5" rev="174">
<attrib name="value" value="5"/></item>
<item name="DOA6" rev="174">
<attrib name="value" value="5"/></item>
<item name="DOA7" rev="174">
<attrib name="value" value="5"/></item>
<item name="DOA8" rev="174">
<attrib name="value" value="1"/></item>
<item name="DOA9" rev="174">
<attrib name="value" value="1"/></item>
<item name="DOB0" rev="174">
<attrib name="value" value="1"/></item>
<item name="DOB1" rev="174">
<attrib name="value" value="1"/></item>
<item name="DOB10" rev="174">
<attrib name="value" value="1"/></item>
<item name="DOB11" rev="174">
<attrib name="value" value="1"/></item>
<item name="DOB12" rev="174">
<attrib name="value" value="1"/></item>
<item name="DOB13" rev="174">
<attrib name="value" value="1"/></item>
<item name="DOB14" rev="174">
<attrib name="value" value="1"/></item>
<item name="DOB15" rev="174">
<attrib name="value" value="1"/></item>
<item name="DOB2" rev="174">
<attrib name="value" value="1"/></item>
<item name="DOB3" rev="174">
<attrib name="value" value="1"/></item>
<item name="DOB4" rev="174">
<attrib name="value" value="1"/></item>
<item name="DOB5" rev="174">
<attrib name="value" value="1"/></item>
<item name="DOB6" rev="174">
<attrib name="value" value="1"/></item>
<item name="DOB7" rev="174">
<attrib name="value" value="1"/></item>
<item name="DOB8" rev="174">
<attrib name="value" value="1"/></item>
<item name="DOB9" rev="174">
<attrib name="value" value="1"/></item>
<item name="DOPA0" rev="174">
<attrib name="value" value="1"/></item>
<item name="DOPA1" rev="174">
<attrib name="value" value="1"/></item>
<item name="DOPB0" rev="174">
<attrib name="value" value="1"/></item>
<item name="DOPB1" rev="174">
<attrib name="value" value="1"/></item>
<item name="ENA" rev="174">
<attrib name="value" value="5"/></item>
<item name="ENB" rev="174">
<attrib name="value" value="5"/></item>
<item name="REGCEA" rev="174">
<attrib name="value" value="1"/></item>
<item name="REGCEB" rev="174">
<attrib name="value" value="1"/></item>
<item name="RSTA" rev="174">
<attrib name="value" value="5"/></item>
<item name="RSTB" rev="174">
<attrib name="value" value="5"/></item>
<item name="WEA0" rev="174">
<attrib name="value" value="5"/></item>
<item name="WEA1" rev="174">
<attrib name="value" value="5"/></item>
<item name="WEA2" rev="174">
<attrib name="value" value="5"/></item>
<item name="WEA3" rev="174">
<attrib name="value" value="5"/></item>
<item name="WEB0" rev="174">
<attrib name="value" value="5"/></item>
<item name="WEB1" rev="174">
<attrib name="value" value="5"/></item>
<item name="WEB2" rev="174">
<attrib name="value" value="5"/></item>
<item name="WEB3" rev="174">
<attrib name="value" value="5"/></item>
</group>
<group name="RAMB16BWER_RAMB16BWER">
<item name="ADDRA0" rev="174">
<attrib name="value" value="1"/></item>
<item name="ADDRA1" rev="174">
<attrib name="value" value="1"/></item>
<item name="ADDRA10" rev="174">
<attrib name="value" value="5"/></item>
<item name="ADDRA11" rev="174">
<attrib name="value" value="5"/></item>
<item name="ADDRA12" rev="174">
<attrib name="value" value="5"/></item>
<item name="ADDRA13" rev="174">
<attrib name="value" value="5"/></item>
<item name="ADDRA2" rev="174">
<attrib name="value" value="1"/></item>
<item name="ADDRA3" rev="174">
<attrib name="value" value="5"/></item>
<item name="ADDRA4" rev="174">
<attrib name="value" value="5"/></item>
<item name="ADDRA5" rev="174">
<attrib name="value" value="5"/></item>
<item name="ADDRA6" rev="174">
<attrib name="value" value="5"/></item>
<item name="ADDRA7" rev="174">
<attrib name="value" value="5"/></item>
<item name="ADDRA8" rev="174">
<attrib name="value" value="5"/></item>
<item name="ADDRA9" rev="174">
<attrib name="value" value="5"/></item>
<item name="ADDRB0" rev="174">
<attrib name="value" value="1"/></item>
<item name="ADDRB1" rev="174">
<attrib name="value" value="1"/></item>
<item name="ADDRB10" rev="174">
<attrib name="value" value="5"/></item>
<item name="ADDRB11" rev="174">
<attrib name="value" value="5"/></item>
<item name="ADDRB12" rev="174">
<attrib name="value" value="5"/></item>
<item name="ADDRB13" rev="174">
<attrib name="value" value="5"/></item>
<item name="ADDRB2" rev="174">
<attrib name="value" value="1"/></item>
<item name="ADDRB3" rev="174">
<attrib name="value" value="1"/></item>
<item name="ADDRB4" rev="174">
<attrib name="value" value="1"/></item>
<item name="ADDRB5" rev="174">
<attrib name="value" value="5"/></item>
<item name="ADDRB6" rev="174">
<attrib name="value" value="5"/></item>
<item name="ADDRB7" rev="174">
<attrib name="value" value="5"/></item>
<item name="ADDRB8" rev="174">
<attrib name="value" value="5"/></item>
<item name="ADDRB9" rev="174">
<attrib name="value" value="5"/></item>
<item name="CLKA" rev="174">
<attrib name="value" value="5"/></item>
<item name="CLKB" rev="174">
<attrib name="value" value="5"/></item>
<item name="DIA0" rev="174">
<attrib name="value" value="5"/></item>
<item name="DIA1" rev="174">
<attrib name="value" value="5"/></item>
<item name="DIA10" rev="174">
<attrib name="value" value="1"/></item>
<item name="DIA11" rev="174">
<attrib name="value" value="1"/></item>
<item name="DIA12" rev="174">
<attrib name="value" value="1"/></item>
<item name="DIA13" rev="174">
<attrib name="value" value="1"/></item>
<item name="DIA14" rev="174">
<attrib name="value" value="1"/></item>
<item name="DIA15" rev="174">
<attrib name="value" value="1"/></item>
<item name="DIA16" rev="174">
<attrib name="value" value="1"/></item>
<item name="DIA17" rev="174">
<attrib name="value" value="1"/></item>
<item name="DIA18" rev="174">
<attrib name="value" value="1"/></item>
<item name="DIA19" rev="174">
<attrib name="value" value="1"/></item>
<item name="DIA2" rev="174">
<attrib name="value" value="5"/></item>
<item name="DIA20" rev="174">
<attrib name="value" value="1"/></item>
<item name="DIA21" rev="174">
<attrib name="value" value="1"/></item>
<item name="DIA22" rev="174">
<attrib name="value" value="1"/></item>
<item name="DIA23" rev="174">
<attrib name="value" value="1"/></item>
<item name="DIA24" rev="174">
<attrib name="value" value="1"/></item>
<item name="DIA25" rev="174">
<attrib name="value" value="1"/></item>
<item name="DIA26" rev="174">
<attrib name="value" value="1"/></item>
<item name="DIA27" rev="174">
<attrib name="value" value="1"/></item>
<item name="DIA28" rev="174">
<attrib name="value" value="1"/></item>
<item name="DIA29" rev="174">
<attrib name="value" value="1"/></item>
<item name="DIA3" rev="174">
<attrib name="value" value="5"/></item>
<item name="DIA30" rev="174">
<attrib name="value" value="1"/></item>
<item name="DIA31" rev="174">
<attrib name="value" value="1"/></item>
<item name="DIA4" rev="174">
<attrib name="value" value="5"/></item>
<item name="DIA5" rev="174">
<attrib name="value" value="5"/></item>
<item name="DIA6" rev="174">
<attrib name="value" value="5"/></item>
<item name="DIA7" rev="174">
<attrib name="value" value="5"/></item>
<item name="DIA8" rev="174">
<attrib name="value" value="1"/></item>
<item name="DIA9" rev="174">
<attrib name="value" value="1"/></item>
<item name="DIB0" rev="174">
<attrib name="value" value="5"/></item>
<item name="DIB1" rev="174">
<attrib name="value" value="5"/></item>
<item name="DIB10" rev="174">
<attrib name="value" value="5"/></item>
<item name="DIB11" rev="174">
<attrib name="value" value="5"/></item>
<item name="DIB12" rev="174">
<attrib name="value" value="5"/></item>
<item name="DIB13" rev="174">
<attrib name="value" value="5"/></item>
<item name="DIB14" rev="174">
<attrib name="value" value="5"/></item>
<item name="DIB15" rev="174">
<attrib name="value" value="5"/></item>
<item name="DIB16" rev="174">
<attrib name="value" value="5"/></item>
<item name="DIB17" rev="174">
<attrib name="value" value="5"/></item>
<item name="DIB18" rev="174">
<attrib name="value" value="5"/></item>
<item name="DIB19" rev="174">
<attrib name="value" value="5"/></item>
<item name="DIB2" rev="174">
<attrib name="value" value="5"/></item>
<item name="DIB20" rev="174">
<attrib name="value" value="5"/></item>
<item name="DIB21" rev="174">
<attrib name="value" value="5"/></item>
<item name="DIB22" rev="174">
<attrib name="value" value="5"/></item>
<item name="DIB23" rev="174">
<attrib name="value" value="5"/></item>
<item name="DIB24" rev="174">
<attrib name="value" value="5"/></item>
<item name="DIB25" rev="174">
<attrib name="value" value="5"/></item>
<item name="DIB26" rev="174">
<attrib name="value" value="5"/></item>
<item name="DIB27" rev="174">
<attrib name="value" value="5"/></item>
<item name="DIB28" rev="174">
<attrib name="value" value="5"/></item>
<item name="DIB29" rev="174">
<attrib name="value" value="5"/></item>
<item name="DIB3" rev="174">
<attrib name="value" value="5"/></item>
<item name="DIB30" rev="174">
<attrib name="value" value="5"/></item>
<item name="DIB31" rev="174">
<attrib name="value" value="5"/></item>
<item name="DIB4" rev="174">
<attrib name="value" value="5"/></item>
<item name="DIB5" rev="174">
<attrib name="value" value="5"/></item>
<item name="DIB6" rev="174">
<attrib name="value" value="5"/></item>
<item name="DIB7" rev="174">
<attrib name="value" value="5"/></item>
<item name="DIB8" rev="174">
<attrib name="value" value="5"/></item>
<item name="DIB9" rev="174">
<attrib name="value" value="5"/></item>
<item name="DIPA0" rev="174">
<attrib name="value" value="5"/></item>
<item name="DIPA1" rev="174">
<attrib name="value" value="1"/></item>
<item name="DIPA2" rev="174">
<attrib name="value" value="1"/></item>
<item name="DIPA3" rev="174">
<attrib name="value" value="1"/></item>
<item name="DIPB0" rev="174">
<attrib name="value" value="5"/></item>
<item name="DIPB1" rev="174">
<attrib name="value" value="5"/></item>
<item name="DIPB2" rev="174">
<attrib name="value" value="5"/></item>
<item name="DIPB3" rev="174">
<attrib name="value" value="5"/></item>
<item name="DOA0" rev="174">
<attrib name="value" value="5"/></item>
<item name="DOA1" rev="174">
<attrib name="value" value="5"/></item>
<item name="DOA10" rev="174">
<attrib name="value" value="1"/></item>
<item name="DOA11" rev="174">
<attrib name="value" value="1"/></item>
<item name="DOA12" rev="174">
<attrib name="value" value="1"/></item>
<item name="DOA13" rev="174">
<attrib name="value" value="1"/></item>
<item name="DOA14" rev="174">
<attrib name="value" value="1"/></item>
<item name="DOA15" rev="174">
<attrib name="value" value="1"/></item>
<item name="DOA2" rev="174">
<attrib name="value" value="5"/></item>
<item name="DOA3" rev="174">
<attrib name="value" value="5"/></item>
<item name="DOA4" rev="174">
<attrib name="value" value="5"/></item>
<item name="DOA5" rev="174">
<attrib name="value" value="5"/></item>
<item name="DOA6" rev="174">
<attrib name="value" value="5"/></item>
<item name="DOA7" rev="174">
<attrib name="value" value="5"/></item>
<item name="DOA8" rev="174">
<attrib name="value" value="1"/></item>
<item name="DOA9" rev="174">
<attrib name="value" value="1"/></item>
<item name="DOB0" rev="174">
<attrib name="value" value="1"/></item>
<item name="DOB1" rev="174">
<attrib name="value" value="1"/></item>
<item name="DOB10" rev="174">
<attrib name="value" value="1"/></item>
<item name="DOB11" rev="174">
<attrib name="value" value="1"/></item>
<item name="DOB12" rev="174">
<attrib name="value" value="1"/></item>
<item name="DOB13" rev="174">
<attrib name="value" value="1"/></item>
<item name="DOB14" rev="174">
<attrib name="value" value="1"/></item>
<item name="DOB15" rev="174">
<attrib name="value" value="1"/></item>
<item name="DOB2" rev="174">
<attrib name="value" value="1"/></item>
<item name="DOB3" rev="174">
<attrib name="value" value="1"/></item>
<item name="DOB4" rev="174">
<attrib name="value" value="1"/></item>
<item name="DOB5" rev="174">
<attrib name="value" value="1"/></item>
<item name="DOB6" rev="174">
<attrib name="value" value="1"/></item>
<item name="DOB7" rev="174">
<attrib name="value" value="1"/></item>
<item name="DOB8" rev="174">
<attrib name="value" value="1"/></item>
<item name="DOB9" rev="174">
<attrib name="value" value="1"/></item>
<item name="DOPA0" rev="174">
<attrib name="value" value="1"/></item>
<item name="DOPA1" rev="174">
<attrib name="value" value="1"/></item>
<item name="DOPB0" rev="174">
<attrib name="value" value="1"/></item>
<item name="DOPB1" rev="174">
<attrib name="value" value="1"/></item>
<item name="ENA" rev="174">
<attrib name="value" value="5"/></item>
<item name="ENB" rev="174">
<attrib name="value" value="5"/></item>
<item name="REGCEA" rev="174">
<attrib name="value" value="1"/></item>
<item name="REGCEB" rev="174">
<attrib name="value" value="1"/></item>
<item name="RSTA" rev="174">
<attrib name="value" value="5"/></item>
<item name="RSTB" rev="174">
<attrib name="value" value="5"/></item>
<item name="WEA0" rev="174">
<attrib name="value" value="5"/></item>
<item name="WEA1" rev="174">
<attrib name="value" value="5"/></item>
<item name="WEA2" rev="174">
<attrib name="value" value="5"/></item>
<item name="WEA3" rev="174">
<attrib name="value" value="5"/></item>
<item name="WEB0" rev="174">
<attrib name="value" value="5"/></item>
<item name="WEB1" rev="174">
<attrib name="value" value="5"/></item>
<item name="WEB2" rev="174">
<attrib name="value" value="5"/></item>
<item name="WEB3" rev="174">
<attrib name="value" value="5"/></item>
</group>
<group name="CARRY4">
<item name="CIN" rev="174">
<attrib name="value" value="17"/></item>
<item name="CO0" rev="174">
<attrib name="value" value="1"/></item>
<item name="CO2" rev="174">
<attrib name="value" value="2"/></item>
<item name="CO3" rev="174">
<attrib name="value" value="18"/></item>
<item name="CYINIT" rev="174">
<attrib name="value" value="16"/></item>
<item name="DI0" rev="174">
<attrib name="value" value="31"/></item>
<item name="DI1" rev="174">
<attrib name="value" value="25"/></item>
<item name="DI2" rev="174">
<attrib name="value" value="24"/></item>
<item name="DI3" rev="174">
<attrib name="value" value="18"/></item>
<item name="O0" rev="174">
<attrib name="value" value="27"/></item>
<item name="O1" rev="174">
<attrib name="value" value="25"/></item>
<item name="O2" rev="174">
<attrib name="value" value="20"/></item>
<item name="O3" rev="174">
<attrib name="value" value="19"/></item>
<item name="S0" rev="174">
<attrib name="value" value="33"/></item>
<item name="S1" rev="174">
<attrib name="value" value="30"/></item>
<item name="S2" rev="174">
<attrib name="value" value="25"/></item>
<item name="S3" rev="174">
<attrib name="value" value="22"/></item>
</group>
<group name="LUT5">
<item name="A1" rev="174">
<attrib name="value" value="33"/></item>
<item name="A2" rev="174">
<attrib name="value" value="69"/></item>
<item name="A3" rev="174">
<attrib name="value" value="62"/></item>
<item name="A4" rev="174">
<attrib name="value" value="51"/></item>
<item name="A5" rev="174">
<attrib name="value" value="87"/></item>
<item name="O5" rev="174">
<attrib name="value" value="155"/></item>
</group>
<group name="LUT6">
<item name="A1" rev="174">
<attrib name="value" value="132"/></item>
<item name="A2" rev="174">
<attrib name="value" value="182"/></item>
<item name="A3" rev="174">
<attrib name="value" value="257"/></item>
<item name="A4" rev="174">
<attrib name="value" value="343"/></item>
<item name="A5" rev="174">
<attrib name="value" value="304"/></item>
<item name="A6" rev="174">
<attrib name="value" value="366"/></item>
<item name="O6" rev="174">
<attrib name="value" value="378"/></item>
</group>
<group name="SELMUX2_1">
<item name="0" rev="174">
<attrib name="value" value="3"/></item>
<item name="1" rev="174">
<attrib name="value" value="3"/></item>
<item name="OUT" rev="174">
<attrib name="value" value="3"/></item>
<item name="S0" rev="174">
<attrib name="value" value="3"/></item>
</group>
<group name="INVERTER">
<item name="IN" rev="174">
<attrib name="value" value="1"/></item>
<item name="OUT" rev="174">
<attrib name="value" value="1"/></item>
</group>
<group name="IOB_IMUX">
<item name="I" rev="174">
<attrib name="value" value="19"/></item>
<item name="I_B" rev="174">
<attrib name="value" value="1"/></item>
<item name="OUT" rev="174">
<attrib name="value" value="20"/></item>
</group>
<group name="IOB">
<item name="I" rev="174">
<attrib name="value" value="20"/></item>
<item name="O" rev="174">
<attrib name="value" value="42"/></item>
<item name="PAD" rev="174">
<attrib name="value" value="54"/></item>
<item name="T" rev="174">
<attrib name="value" value="8"/></item>
</group>
<group name="HARD0">
<item name="0" rev="174">
<attrib name="value" value="7"/></item>
</group>
<group name="HARD1">
<item name="1" rev="174">
<attrib name="value" value="6"/></item>
</group>
<group name="FF_SR">
<item name="CE" rev="174">
<attrib name="value" value="12"/></item>
<item name="CK" rev="174">
<attrib name="value" value="47"/></item>
<item name="D" rev="174">
<attrib name="value" value="47"/></item>
<item name="Q" rev="174">
<attrib name="value" value="47"/></item>
<item name="SR" rev="174">
<attrib name="value" value="17"/></item>
</group>
<group name="BUFG">
<item name="I0" rev="174">
<attrib name="value" value="4"/></item>
<item name="O" rev="174">
<attrib name="value" value="4"/></item>
</group>
</ReportPinData>
<CmdHistory>
</CmdHistory>
</DeviceUsageSummary>
